access_key,AccessKey
account_id,AccountID
action,Action
actions,Actions
address,Address
alias,Alias
allocated_storage,AllocatedStorage
allow_major_version_upgrade,AllowMajorVersionUpgrade
application_id,ApplicationID
apply_immediately,ApplyImmediately
arn,ARN
arns,ARNs
association_id,AssociationID
attributes,Attributes
auto_minor_version_upgrade,AutoMinorVersionUpgrade
availability_zone,AvailabilityZone
availability_zones,AvailabilityZones
aws_account_id,AWSAccountID
bucket,Bucket
bucket_name,BucketName
bucket_prefix,BucketPrefix
capacity_provider_strategy,CapacityProviderStrategy
catalog_id,CatalogID
certificate,Certificate
certificate_arn,CertificateARN
certificate_chain,CertificateChain
cidr_block,CIDRBlock
client_id,ClientID
client_secret,ClientSecret
cloudwatch_log_group_arn,CloudWatchLogGroupARN
cloudwatch_logs,CloudWatchLogs
cluster_identifier,ClusterIdentifier
cluster_name,ClusterName
comment,Comment
condition,Condition
configuration,Configuration
connection_id,ConnectionID
content,Content
content_type,ContentType
create_time,CreateTime
created_at,CreatedAt
created_date,CreatedDate
created_time,CreatedTime
creation_date,CreationDate
creation_time,CreationTime
database,Database
database_name,DatabaseName
default_action,DefaultAction
default_value,DefaultValue
delete_on_termination,DeleteOnTermination
deletion_protection,DeletionProtection
description,Description
destination,Destination
destination_arn,DestinationARN
device_name,DeviceName
display_name,DisplayName
dns_name,DNSName
domain,Domain
domain_name,DomainName
duration,Duration
email,Email
enabled,Enabled
encrypted,Encrypted
encryption_configuration,EncryptionConfiguration
endpoint,Endpoint
endpoint_type,EndpointType
endpoints,Endpoints
engine,Engine
engine_version,EngineVersion
environment,Environment
execution_role_arn,ExecutionRoleARN
expected_bucket_owner,ExpectedBucketOwner
expression,Expression
external_id,ExternalID
family,Family
field,Field
file_system_id,FileSystemID
filter,Filter
final_snapshot_identifier,FinalSnapshotIdentifier
force_delete,ForceDelete
force_destroy,ForceDestroy
format,Format
function_arn,FunctionARN
group_name,GroupName
header,Header
health_check,HealthCheck
hosted_zone_id,HostedZoneID
iam_role_arn,IAMRoleARN
id,ID
identifier,Identifier
ids,IDs
instance_count,InstanceCount
instance_id,InstanceID
instance_type,InstanceType
interval,Interval
iops,IOPS
ip_address,IPAddress
ip_address_type,IPAddressType
ip_addresses,IPAddresses
issuer,Issuer
json,JSON
key,Key
key_id,KeyID
kms_key,KMSKey
kms_key_arn,KMSKeyARN
kms_key_id,KMSKeyID
language_code,LanguageCode
last_updated_date,LastUpdatedDate
last_updated_time,LastUpdatedTime
launch_template,LaunchTemplate
location,Location
log_group_name,LogGroupName
logging_configuration,LoggingConfiguration
max,Max
max_capacity,MaxCapacity
message,Message
metric_name,MetricName
min,Min
mode,Mode
most_recent,MostRecent
name,Name
name_prefix,NamePrefix
names,Names
namespace,Namespace
network_configuration,NetworkConfiguration
network_interface_id,NetworkInterfaceID
owner,Owner
owner_account_id,OwnerAccountID
owner_id,OwnerID
parameter,Parameter
parameter_group_name,ParameterGroupName
parameters,Parameters
password,Password
path,Path
permissions,Permissions
policy,Policy
port,Port
preferred_maintenance_window,PreferredMaintenanceWindow
prefix,Prefix
principal,Principal
priority,Priority
private_key,PrivateKey
profile,Profile
propagate_tags,PropagateTags
properties,Properties
protocol,Protocol
provider_name,ProviderName
public_key,PublicKey
publicly_accessible,PubliclyAccessible
region,Region
repository_name,RepositoryName
resource_arn,ResourceARN
resource_id,ResourceID
resource_owner,ResourceOwner
resource_tags,ResourceTags
resource_type,ResourceType
resources,Resources
retention_period,RetentionPeriod
role,Role
role_arn,RoleARN
rule,Rule
s3_bucket,S3Bucket
s3_bucket_name,S3BucketName
s3_key_prefix,S3KeyPrefix
schedule,Schedule
schedule_expression,ScheduleExpression
schema,Schema
scope,Scope
secret_key,SecretKey
security_group_ids,SecurityGroupIDs
security_groups,SecurityGroups
service_name,ServiceName
service_role,ServiceRole
service_role_arn,ServiceRoleARN
session,Session
shared_config_files,SharedConfigFiles
size,Size
skip_credentials_validation,SkipCredentialsValidation
skip_destroy,SkipDestroy
skip_requesting_account_id,SkipRequestingAccountID
snapshot_id,SnapshotID
sns_topic_arn,SNSTopicARN
source,Source
source_type,SourceType
stage,Stage
start_time,StartTime
state,State
status,Status
status_code,StatusCode
status_message,StatusMessage
status_reason,StatusReason
storage_class,StorageClass
storage_encrypted,StorageEncrypted
storage_type,StorageType
stream_arn,StreamARN
subnet_id,SubnetID
subnet_ids,SubnetIDs
subnets,Subnets
table_name,TableName
tags,Tags
tags_all,TagsAll
target,Target
target_arn,TargetARN
throughput,Throughput
timeout,Timeout
timeouts,Timeouts
topic_arn,TopicARN
transit_gateway_attachment_id,TransitGatewayAttachmentID
transit_gateway_id,TransitGatewayID
triggers,Triggers
type,Type
unit,Unit
uri,URI
url,URL
user_name,UserName
user_pool_id,UserPoolID
username,Username
value,Value
values,Values
version,Version
virtual_name,VirtualName
volume_size,VolumeSize
volume_type,VolumeType
vpc_config,VPCConfig
vpc_configuration,VPCConfiguration
vpc_endpoint_id,VPCEndpointID
vpc_id,VPCID
vpc_security_group_ids,VPCSecurityGroupIDs
weight,Weight
